{
  "users": {
    "62895392196236@s.whatsapp.net": {
      "exp": 11,
      "limit": 10,
      "lastclaim": 0
    },
    "6288212768618@s.whatsapp.net": {
      "exp": 115,
      "limit": 10,
      "lastclaim": 0
    },
    "6287867604992@s.whatsapp.net": {
      "exp": 2,
      "limit": 10,
      "lastclaim": 0
    },
    "6289504986474@s.whatsapp.net": {
      "exp": 2,
      "limit": 10,
      "lastclaim": 0
    },
    "6281219429302@s.whatsapp.net": {
      "exp": 1,
      "limit": 10,
      "lastclaim": 0
    },
    "6281343735504@s.whatsapp.net": {
      "exp": 1,
      "limit": 10,
      "lastclaim": 0
    },
    "62857800838201@s.whatsapp.net": {
      "exp": 6,
      "limit": 10,
      "lastclaim": 0
    },
    "6287710925760@s.whatsapp.net": {
      "exp": 4,
      "limit": 10,
      "lastclaim": 0
    },
    "6285867812160@s.whatsapp.net": {
      "exp": 21,
      "limit": 10,
      "lastclaim": 0
    },
    "6281296309589@s.whatsapp.net": {
      "exp": 1,
      "limit": 10,
      "lastclaim": 0
    },
    "6281574295099@s.whatsapp.net": {
      "exp": 2,
      "limit": 10,
      "lastclaim": 0
    },
    "6281542955507@s.whatsapp.net": {
      "exp": 46,
      "limit": 10,
      "lastclaim": 0
    },
    "6281548384011@s.whatsapp.net": {
      "exp": 21,
      "limit": 10,
      "lastclaim": 0
    },
    "62859138367544@s.whatsapp.net": {
      "exp": 6,
      "limit": 10,
      "lastclaim": 0
    },
    "6285730332916@s.whatsapp.net": {
      "exp": 1,
      "limit": 10,
      "lastclaim": 0
    },
    "6282114714948@s.whatsapp.net": {
      "exp": 13,
      "limit": 10,
      "lastclaim": 0
    },
    "6285298039017@s.whatsapp.net": {
      "exp": 1,
      "limit": 10,
      "lastclaim": 0
    },
    "6285928984626@s.whatsapp.net": {
      "exp": 9,
      "limit": 10,
      "lastclaim": 0
    },
    "6283846566074@s.whatsapp.net": {
      "exp": 4,
      "limit": 10,
      "lastclaim": 0
    },
    "6285803645431@s.whatsapp.net": {
      "exp": 1,
      "limit": 10,
      "lastclaim": 0
    },
    "6282142939745@s.whatsapp.net": {
      "exp": 1,
      "limit": 10,
      "lastclaim": 0
    },
    "6285156206614@s.whatsapp.net": {
      "exp": 6,
      "limit": 10,
      "lastclaim": 0
    },
    "6283845926424@s.whatsapp.net": {
      "exp": 7,
      "limit": 10,
      "lastclaim": 0
    },
    "6282291514668@s.whatsapp.net": {
      "exp": 2,
      "limit": 10,
      "lastclaim": 0
    },
    "6283199827131@s.whatsapp.net": {
      "exp": 3,
      "limit": 10,
      "lastclaim": 0
    },
    "6282235448767@s.whatsapp.net": {
      "exp": 1,
      "limit": 10,
      "lastclaim": 0
    },
    "6282338605796@s.whatsapp.net": {
      "exp": 31,
      "limit": 10,
      "lastclaim": 0
    },
    "6288215750391@s.whatsapp.net": {
      "exp": 0,
      "limit": 10,
      "lastclaim": 0
    },
    "6282350707696@s.whatsapp.net": {
      "exp": 1,
      "limit": 10,
      "lastclaim": 0
    },
    "6283135236037@s.whatsapp.net": {
      "exp": 19,
      "limit": 10,
      "lastclaim": 0
    },
    "6283820666907@s.whatsapp.net": {
      "exp": 4,
      "limit": 10,
      "lastclaim": 0
    },
    "6281330279760@s.whatsapp.net": {
      "exp": 26,
      "limit": 10,
      "lastclaim": 0
    },
    "6285156285664@s.whatsapp.net": {
      "exp": 3,
      "limit": 10,
      "lastclaim": 0
    },
    "6288298037569@s.whatsapp.net": {
      "exp": 0,
      "limit": 10,
      "lastclaim": 0
    },
    "6285648059978@s.whatsapp.net": {
      "exp": 0,
      "limit": 10,
      "lastclaim": 0
    },
    "6282113041325@s.whatsapp.net": {
      "exp": 1,
      "limit": 10,
      "lastclaim": 0
    },
    "6285803081419@s.whatsapp.net": {
      "exp": 1,
      "limit": 10,
      "lastclaim": 0
    },
    "6285726585985@s.whatsapp.net": {
      "exp": 1,
      "limit": 10,
      "lastclaim": 0
    },
    "6283141975622@s.whatsapp.net": {
      "exp": 2,
      "limit": 10,
      "lastclaim": 0
    },
    "6285261461953@s.whatsapp.net": {
      "exp": 1,
      "limit": 10,
      "lastclaim": 0
    },
    "6282155483269@s.whatsapp.net": {
      "exp": 3,
      "limit": 10,
      "lastclaim": 0
    },
    "12018509953@s.whatsapp.net": {
      "exp": 0,
      "limit": 10,
      "lastclaim": 0
    },
    "62896925580101@s.whatsapp.net": {
      "exp": 2,
      "limit": 10,
      "lastclaim": 0
    },
    "6285726717836@s.whatsapp.net": {
      "exp": 10,
      "limit": 10,
      "lastclaim": 0
    },
    "6289632315522@s.whatsapp.net": {
      "exp": 1,
      "limit": 10,
      "lastclaim": 0
    },
    "6285808404994@s.whatsapp.net": {
      "exp": 1,
      "limit": 10,
      "lastclaim": 0
    },
    "27672737906@s.whatsapp.net": {
      "exp": 2,
      "limit": 10,
      "lastclaim": 0
    },
    "6281545878010@s.whatsapp.net": {
      "exp": 12,
      "limit": 10,
      "lastclaim": 0
    },
    "6282275642774@s.whatsapp.net": {
      "exp": 1,
      "limit": 10,
      "lastclaim": 0
    }
  },
  "groups": {},
  "chats": {
    "6282258949036-1517005433@g.us": {
      "isBanned": false,
      "welcome": false,
      "sWelcome": "",
      "sBye": "",
      "delete": true
    },
    "628163662006-1601745274@g.us": {
      "isBanned": false,
      "welcome": false,
      "sWelcome": "",
      "sBye": "",
      "delete": true
    },
    "6281517122758-1606832572@g.us": {
      "isBanned": false,
      "welcome": false,
      "sWelcome": "",
      "sBye": "",
      "delete": true
    },
    "6283177305506-1606316376@g.us": {
      "isBanned": false,
      "welcome": false,
      "sWelcome": "",
      "sBye": "",
      "delete": true
    },
    "6285867812160-1610862269@g.us": {
      "isBanned": false,
      "welcome": false,
      "sWelcome": "",
      "sBye": "",
      "delete": true
    },
    "6288212768618@s.whatsapp.net": {
      "isBanned": false,
      "welcome": false,
      "sWelcome": "",
      "sBye": "",
      "delete": true
    },
    "6281342077268-1612607011@g.us": {
      "isBanned": false,
      "welcome": false,
      "sWelcome": "",
      "sBye": "",
      "delete": true
    },
    "6285738794583-1611567057@g.us": {
      "isBanned": false,
      "welcome": false,
      "sWelcome": "",
      "sBye": "",
      "delete": true
    },
    "6285649133146-1613445921@g.us": {
      "isBanned": false,
      "welcome": false,
      "sWelcome": "",
      "sBye": "",
      "delete": true
    },
    "6289529993728@s.whatsapp.net": {
      "isBanned": false,
      "welcome": false,
      "sWelcome": "",
      "sBye": "",
      "delete": true
    },
    "6281542955507@s.whatsapp.net": {
      "isBanned": false,
      "welcome": false,
      "sWelcome": "",
      "sBye": "",
      "delete": true
    }
  },
  "stats": {
    "creator.js": {
      "total": 4,
      "success": 4,
      "last": 1613607424132,
      "lastSuccess": 1613607424132
    },
    "enable.js": {
      "total": 2,
      "success": 2,
      "last": 1613607406491,
      "lastSuccess": 1613607406491
    },
    "menu.js": {
      "total": 9,
      "success": 9,
      "last": 1613608482813,
      "lastSuccess": 1613608482813
    },
    "sticker.js": {
      "total": 7,
      "success": 4,
      "last": 1613608555842,
      "lastSuccess": 1613608491413
    },
    "ttp.js": {
      "total": 2,
      "success": 0,
      "last": 1613607712806,
      "lastSuccess": 0
    },
    "salam.js": {
      "total": 6,
      "success": 6,
      "last": 1613607974773,
      "lastSuccess": 1613607974773
    },
    "brainly.js": {
      "total": 5,
      "success": 3,
      "last": 1613608043191,
      "lastSuccess": 1613608043191
    },
    "donasi.js": {
      "total": 2,
      "success": 2,
      "last": 1613608070969,
      "lastSuccess": 1613608070969
    },
    "bucin.js": {
      "total": 2,
      "success": 2,
      "last": 1613608074004,
      "lastSuccess": 1613608074004
    },
    "nulis.js": {
      "total": 2,
      "success": 2,
      "last": 1613608424713,
      "lastSuccess": 1613608424713
    },
    "google.js": {
      "total": 2,
      "success": 0,
      "last": 1613608534370,
      "lastSuccess": 0
    }
  }
}